﻿pos_x,pos_y,rotation,side,designator,mpn,pack,footprint,value,mount_type
127.5,-56.1,-90.0,top,2S Bat,,,AMASS_XT60PB-M,2S Battery,tht
125.0,-95.0,0.0,top,5V Input,,,PinHeader_2x01_P2.54mm_Vertical,5V Input,tht
152.54,-90.0,-90.0,top,AUX1,,,PinHeader_1x03_P2.54mm_Vertical,AUX1,tht
152.54,-85.0,-90.0,top,AUX2,,,PinHeader_1x03_P2.54mm_Vertical,AUX2,tht
152.54,-80.0,-90.0,top,AUX3,,,PinHeader_1x03_P2.54mm_Vertical,AUX3,tht
152.54,-75.0,-90.0,top,AUX4,,,PinHeader_1x03_P2.54mm_Vertical,AUX4,tht
152.54,-70.0,-90.0,top,AUX5,,,PinHeader_1x03_P2.54mm_Vertical,AUX5,tht
152.5,-65.0,-90.0,top,AUX6,,,PinHeader_1x03_P2.54mm_Vertical,AUX6,tht
152.54,-60.0,-90.0,top,AUX7,,,PinHeader_1x03_P2.54mm_Vertical,AUX7,tht
152.54,-55.0,-90.0,top,AUX8,,,PinHeader_1x03_P2.54mm_Vertical,AUX8,tht
137.5,-60.0,0.0,top,Bat OUT,,,PinHeader_2x01_P2.54mm_Vertical,Bat OUT,tht
127.54,-100.0,180.0,top,D5,,,PinHeader_2x01_P2.54mm_Vertical,Status LED,tht
132.5,-77.5,180.0,top,ESP32 C3 Supermini,,Package,MODULE_ESP32-C3_SUPERMINI,ESP32 C3 SUPERMINI,tht
152.58,-95.0,-90.0,top,Motor,,,PinHeader_1x03_P2.54mm_Vertical,Motor,tht
140.04,-100.0,-90.0,top,Receiver,,,PinHeader_1x04_P2.54mm_Vertical,Receiver,tht
152.58,-100.0,-90.0,top,Servo,,,PinHeader_1x03_P2.54mm_Vertical,Steering,tht
